{
    "dataset":{
        "rows": 10,
        "cols": 3,
        "data":[
            [0.01,0.04,0.002],
            [0.13784,0.1235,0.1155],
            [-0.111,-0.1222,-0.1333],
            [10.382,10.999,10.0101],
            [10.12,10.188,10.132],
            [10.1123,10.11432,10.114],
            [100.234,100.367,100.3922],
            [100.11,100.17,100.1222],
            [100.113,100.11,100.1143],
            [0.222,0.2122,0.2022]
        ]
    }
}